Designator,Footprint,Quantity,Value,LCSC Part #
C1,0603,1,10uF,
"C19, C20",0603,2,22uF,
"C2, C9",0603,2,0.1uF,
C3,0603,1,47uF,
C4,0402,1,1uF,
C5,0402,1,10uF,
C6,0603,1,0.22uF,
D2,LED_D3.0mm,1,D_Photo,
"D4, D5",LED_D3.0mm,2,LED,
J1,CONN_X05A20L15T_XKB,1,X05A20L15T,
J2,TYPE-C-31-M-12,1,TYPE-C-31-M-12,
"J3, J4",PinHeader_1x02_P2.54mm_Vertical,2,Conn_01x02,
J5,PinHeader_1x01_P2.54mm_Vertical,1,Conn_01x01_Socket,
"JP1, JP2, JP3, JP4",SolderJumper-2_P1.3mm_Open_RoundedPad1.0x1.5mm,4,SolderJumper_2_Open,
R1,0603,1,0,
"R10, R9",0603,2,100k,
R12,0603,1,22k,
"R13, R3",0603,2,10k,
R14,0805,1,5.6M,
R23,0603,1,100R,
R24,0603,1,1.8k,
"R4, R6",0603,2,2k2,
"R5, R8",0402,2,5.1k,
R7,0603,1,910,
"TP1, TP2, TP3",TestPoint_Pad_D2.0mm,3,TestPoint,
U1,DRT0003A,1,TPD2EUSB30DRTR,
U2,RGW0020A-IPC_A,1,TPS7A4700RGWR,
U3,ESP32-S3-MINI-1_EXP,1,ESP32-S3-MINI-1-N8,
U4,D14,1,LM324,
U5,PW28,1,TLC59116IPWR,
U6,DBV5,1,OPA140AIDBVR,
U7,DIP794W45P254L959H508Q8,1,LMC6001BIN/NOPB,
